,symbol,name,trade,pricechange,changepercent,buy,sell,settlement,open,high,low,volume,amount,code,ticktime,state,statetxt
0,sz159999,永赢中证500ETF,1.140,0.003,0.264,1.140,1.143,1.137,1.133,1.143,1.130,134600,153064,159999,11:12:12,00,正常
1,sz159998,计算机ETF,1.100,-0.004,-0.362,1.100,1.102,1.104,1.104,1.107,1.097,1438300,1583998,159998,11:12:15,00,正常
2,sz159997,电子ETF,1.369,0.004,0.293,1.368,1.369,1.365,1.368,1.375,1.349,17292901,23534113,159997,11:12:15,00,正常
3,sz159996,家电ETF,1.346,-0.001,-0.074,1.345,1.347,1.347,1.347,1.365,1.341,17647123,23863831,159996,11:12:15,00,正常
4,sz159995,芯片ETF,1.727,0.029,1.708,1.726,1.728,1.698,1.699,1.743,1.680,329070722,563527980,159995,11:12:15,00,正常
5,sz159994,5GETF,0.978,0.005,0.514,0.978,0.980,0.973,0.973,0.982,0.967,31919408,31103890,159994,11:12:12,00,正常
6,sz159993,龙头券商ETF,1.235,0.029,2.405,1.235,1.236,1.206,1.210,1.235,1.195,49419745,59925727,159993,11:12:15,00,正常
7,sz159992,创新药ETF,1.368,0.022,1.634,1.367,1.368,1.346,1.346,1.375,1.340,70948412,96776289,159992,11:12:15,00,正常
8,sz159991,创大盘ETF,0.695,0.009,1.312,0.695,0.696,0.686,0.690,0.698,0.681,14443200,10007840,159991,11:12:06,00,正常
9,sz159990,小盘价值ETF,1.317,0.014,1.074,1.316,1.317,1.303,1.305,1.318,1.303,1754800,2299163,159990,11:12:15,00,正常
10,sz159988,粤债ETF,1.022,-0.002,-0.195,1.022,1.027,1.024,1.021,1.035,0.982,43000,43942,159988,11:11:24,00,正常
11,sz159987,科技创新ETF,1.811,0.008,0.444,1.810,1.811,1.803,1.802,1.823,1.794,3148000,5721315,159987,11:12:12,00,正常
12,sz159986,消费100ETF,1.406,0.006,0.429,1.402,1.406,1.400,1.387,1.407,1.387,278100,390559,159986,11:12:18,00,正常
13,sz159985,豆粕ETF,1.277,0.006,0.472,1.275,1.277,1.271,1.267,1.277,1.265,5552701,7048902,159985,11:12:12,00,正常
14,sz159984,湾区100ETF,1.285,0.008,0.626,1.278,1.283,1.277,1.277,1.285,1.277,137002,175627,159984,11:12:03,00,正常
15,sz159983,粤港澳大湾区ETF,1.355,0.012,0.894,1.351,1.353,1.343,1.343,1.355,1.343,341000,460038,159983,11:12:03,00,正常
16,sz159982,中证500ETF鹏华,1.600,0.013,0.819,1.598,1.600,1.587,1.589,1.602,1.584,8725900,13911162,159982,11:12:15,00,正常
17,sz159981,能源化工ETF,1.382,-0.005,-0.360,1.382,1.383,1.387,1.387,1.394,1.381,1733700,2401858,159981,11:12:09,00,正常
18,sz159980,有色ETF,1.389,0.011,0.798,1.389,1.390,1.378,1.382,1.393,1.382,5026300,6983584,159980,11:12:06,00,正常
19,sz159979,湾创100ETF,1.204,0.000,0.000,1.204,1.211,1.204,1.207,1.211,1.204,12116,14618,159979,11:12:03,00,正常
20,sz159978,大湾区ETF,1.203,-0.003,-0.249,1.204,1.207,1.206,1.202,1.209,1.202,392401,472958,159978,11:11:57,00,正常
21,sz159977,创业板ETF天弘,3.371,0.045,1.353,3.368,3.371,3.326,3.328,3.380,3.301,2807400,9378416,159977,11:12:15,00,正常
22,sz159976,湾创ETF,1.254,0.012,0.966,1.251,1.252,1.242,1.247,1.254,1.244,838200,1049414,159976,11:12:03,00,正常
23,sz159975,深100ETF招商,0.748,0.006,0.809,0.748,0.749,0.742,0.742,0.751,0.742,10043800,7507689,159975,11:12:12,00,正常
24,sz159974,央企创新ETF,1.311,-0.003,-0.228,1.311,1.313,1.314,1.315,1.315,1.308,43900,57659,159974,11:12:09,00,正常
25,sz159973,民企领先100ETF,1.900,0.030,1.604,1.899,1.913,1.870,1.892,1.900,1.892,25000,47401,159973,11:12:03,00,正常
26,sz159972,5年地债ETF,107.810,0.200,0.186,107.800,107.810,107.610,107.660,107.909,107.660,12200,1314566,159972,11:12:15,00,正常
27,sz159971,创业板ETF富国,2.255,0.030,1.348,2.248,2.253,2.225,2.215,2.255,2.204,463200,1028383,159971,11:12:15,00,正常
28,sz159970,深100ETF工银,6.593,0.068,1.042,6.580,6.592,6.525,6.575,6.595,6.575,6300,41463,159970,11:12:15,00,正常
29,sz159969,深100ETF银华,1.666,0.013,0.786,1.663,1.666,1.653,1.649,1.667,1.649,517301,858610,159969,11:12:12,00,正常
30,sz159968,中证500ETF博时,7.910,0.072,0.919,7.909,7.916,7.838,7.840,7.916,7.825,633476,4994298,159968,11:12:15,00,正常
31,sz159967,创成长ETF,0.806,0.015,1.896,0.805,0.806,0.791,0.790,0.810,0.785,135675940,108342099,159967,11:12:15,00,正常
32,sz159966,创蓝筹ETF,0.646,0.006,0.937,0.645,0.647,0.640,0.641,0.648,0.635,34522868,22154905,159966,11:11:57,00,正常
33,sz159965,央视50ETF,1.394,0.006,0.432,1.391,1.395,1.388,1.396,1.402,1.390,25800,35972,159965,11:12:18,00,正常
34,sz159964,平安创业板ETF,2.042,0.002,0.098,2.034,2.043,2.040,2.040,2.042,2.013,9900,20107,159964,11:12:09,00,正常
35,sz159962,四川ETF,1.855,0.040,2.204,1.850,1.854,1.815,1.841,1.856,1.841,12400,22956,159962,11:11:57,00,正常
36,sz159961,深100ETF方正富邦,2.276,0.026,1.156,2.267,2.273,2.250,2.228,2.279,2.228,18203,41184,159961,11:12:09,00,正常
37,sz159960,H股ETF港股通,0.916,0.009,0.992,0.916,0.917,0.907,0.906,0.919,0.906,790500,723306,159960,11:12:09,00,正常
38,sz159959,央企ETF,1.352,-0.005,-0.368,1.353,1.357,1.357,1.354,1.357,1.351,126170,170711,159959,11:12:09,00,正常
39,sz159958,创业板ETF工银,1.938,0.026,1.360,1.935,1.938,1.912,1.913,1.943,1.898,3971500,7641288,159958,11:12:09,00,正常
40,sz159957,创业板ETF华夏,2.090,0.031,1.506,2.085,2.087,2.059,2.059,2.092,2.042,1028800,2111022,159957,11:12:09,00,正常
41,sz159956,创业板ETF建信,1.969,0.020,1.026,1.967,1.982,1.949,1.945,1.996,1.935,147991,289036,159956,11:12:15,00,正常
42,sz159955,创业板ETF嘉实,1.786,0.015,0.847,1.793,1.800,1.771,1.766,1.800,1.759,336300,600592,159955,11:12:06,00,正常
43,sz159954,H股ETF,0.855,0.013,1.544,0.855,0.856,0.842,0.849,0.858,0.848,5629300,4806210,159954,11:12:09,00,正常
44,sz159952,创业板ETF广发,1.946,0.023,1.196,1.946,1.948,1.923,1.924,1.955,1.909,27046000,52363000,159952,11:12:15,00,正常
45,sz159951,中关村ETF,1.009,0.003,0.298,1.008,1.015,1.006,1.009,1.009,1.009,4100,4137,159951,11:12:18,00,正常
46,sz159949,创业板50ETF,1.461,0.022,1.529,1.460,1.461,1.439,1.441,1.469,1.430,478621305,695436996,159949,11:12:15,00,正常
47,sz159948,创业板ETF南方,3.542,0.038,1.084,3.542,3.546,3.504,3.504,3.555,3.480,7728300,27067007,159948,11:12:12,00,正常
48,sz159945,能源ETF基金,0.762,0.009,1.195,0.762,0.765,0.753,0.758,0.772,0.758,944800,724682,159945,11:12:09,00,正常
49,sz159944,材料ETF,1.347,0.022,1.660,1.347,1.352,1.325,1.330,1.358,1.330,521300,701992,159944,11:12:09,00,正常
50,sz159943,深证成指ETF,17.100,0.177,1.046,17.055,17.099,16.923,16.923,17.100,16.400,53283,907207,159943,11:12:12,00,正常
51,sz159941,纳指ETF,3.101,0.053,1.739,3.101,3.102,3.048,3.083,3.106,3.083,6441600,19935532,159941,11:12:03,00,正常
52,sz159940,金融ETF基金,1.046,0.008,0.771,1.046,1.047,1.038,1.037,1.049,1.033,1154400,1202616,159940,11:12:09,00,正常
53,sz159939,信息技术ETF,1.481,0.003,0.203,1.481,1.483,1.478,1.479,1.488,1.467,1770761,2621313,159939,11:12:09,00,正常
54,sz159938,医药卫生ETF,1.975,0.027,1.386,1.976,1.977,1.948,1.949,1.983,1.949,4323500,8529288,159938,11:12:09,00,正常
55,sz159937,黄金ETF基金,3.678,0.027,0.740,3.677,3.678,3.651,3.676,3.685,3.676,37261300,137187844,159937,11:12:12,00,正常
56,sz159936,可选消费ETF,1.984,0.009,0.456,1.975,1.979,1.975,1.983,1.984,1.975,113600,225240,159936,11:12:09,00,正常
57,sz159935,景顺中证500ETF,2.121,0.008,0.379,2.121,2.123,2.113,2.101,2.123,2.101,26000,54981,159935,11:12:09,00,正常
58,sz159934,黄金ETF,3.647,0.026,0.718,3.647,3.648,3.621,3.649,3.656,3.646,156436814,571089135,159934,11:12:15,00,正常
59,sz159933,国投金融地产ETF,2.418,0.016,0.666,2.406,2.433,2.402,2.414,2.418,2.400,53000,128057,159933,11:12:12,00,正常
60,sz159932,中证500深ETF,1.958,0.031,1.609,1.942,1.955,1.927,1.958,1.958,1.958,100,196,159932,11:12:12,00,正常
61,sz159931,金融ETF,1.658,0.009,0.546,1.653,1.661,1.649,1.659,1.664,1.636,516800,851562,159931,11:12:09,00,正常
62,sz159930,能源ETF,0.812,0.006,0.744,0.812,0.814,0.806,0.817,0.823,0.811,7618000,6218833,159930,11:12:09,00,正常
63,sz159929,医药ETF,2.206,0.018,0.823,2.205,2.206,2.188,2.189,2.210,2.182,5523200,12146610,159929,11:12:12,00,正常
64,sz159928,消费ETF,1.033,0.017,1.673,1.032,1.033,1.016,1.015,1.033,1.010,80550108,82536442,159928,11:12:15,00,正常
65,sz159926,国债ETF,115.799,-0.100,-0.086,115.311,115.799,115.899,115.799,115.799,115.799,100,11580,159926,11:11:21,00,正常
66,sz159925,沪深300ETF南方,2.345,0.028,1.208,2.341,2.343,2.317,2.340,2.345,2.323,672607,1567868,159925,11:12:09,00,正常
67,sz159923,中证100ETF,2.069,0.004,0.194,2.052,2.069,2.065,2.062,2.079,2.043,31600,64770,159923,11:12:15,00,正常
68,sz159922,中证500ETF嘉实,7.917,0.083,1.059,7.914,7.917,7.834,7.858,7.923,7.823,6968500,54920440,159922,11:12:15,00,正常
69,sz159920,恒生ETF,1.336,0.016,1.212,1.336,1.337,1.320,1.329,1.343,1.328,463150047,618825580,159920,11:12:12,00,正常
70,sz159919,沪深300ETF,4.944,0.054,1.104,4.944,4.945,4.890,4.902,4.955,4.902,50996516,251475242,159919,11:12:15,00,正常
71,sz159918,中创400ETF,2.226,0.021,0.952,2.226,2.232,2.205,2.206,2.249,2.206,33200,73924,159918,11:12:15,00,正常
72,sz159916,深F60ETF,5.515,-0.001,-0.018,5.503,5.531,5.516,5.499,5.515,5.499,13200,72753,159916,11:12:15,00,正常
73,sz159915,创业板ETF易方达,3.229,0.034,1.064,3.229,3.230,3.195,3.195,3.243,3.169,125343700,402489599,159915,11:12:15,00,正常
74,sz159913,深价值ETF,2.357,-0.030,-1.257,2.356,2.475,2.387,2.625,2.625,2.277,23127,56744,159913,11:12:15,00,正常
75,sz159912,深300ETF,1.984,-0.002,-0.101,1.981,1.988,1.986,1.986,1.987,1.961,39700,78718,159912,11:12:12,00,正常
76,sz159910,基本面120ETF,2.414,-0.026,-1.066,2.420,2.446,2.440,2.441,2.452,2.414,5100,12484,159910,11:12:15,00,正常
77,sz159909,TMT50ETF,0.782,0.002,0.256,0.779,0.780,0.780,0.776,0.783,0.776,148285,115651,159909,11:12:00,00,正常
78,sz159908,创业板ETF博时,2.978,0.036,1.224,2.976,2.979,2.942,2.945,2.990,2.919,487900,1439539,159908,11:12:09,00,正常
79,sz159907,中小300ETF,1.953,0.020,1.035,1.946,1.953,1.933,1.930,1.953,1.930,30800,59903,159907,11:12:15,00,正常
80,sz159906,深成长龙头ETF,1.509,0.005,0.332,1.508,1.509,1.504,1.508,1.513,1.492,1125700,1690109,159906,11:12:15,00,正常
81,sz159905,深红利ETF,2.327,0.004,0.172,2.326,2.327,2.323,2.324,2.349,2.311,14812270,34455840,159905,11:12:09,00,正常
82,sz159903,深成ETF,1.683,0.010,0.598,1.683,1.687,1.673,1.682,1.688,1.668,263000,442656,159903,11:12:12,00,正常
83,sz159902,中小100ETF,4.802,0.034,0.713,4.802,4.805,4.768,4.799,4.835,4.759,1723100,8278876,159902,11:12:15,00,正常
84,sz159901,深证100ETF易方达,3.866,0.028,0.730,3.865,3.867,3.838,3.835,3.880,3.827,19626118,75700024,159901,11:12:15,00,正常
85,sz159899,软件基金ETF,0.963,-0.003,-0.311,0.962,0.963,0.966,0.968,0.968,0.960,1802605,1737777,159899,11:12:09,00,正常
86,sz159898,医疗器械ETF招商,0.834,0.011,1.337,0.834,0.835,0.823,0.823,0.836,0.819,1919010,1596877,159898,11:12:09,00,正常
87,sz159897,物联网ETF基金,1.069,-0.001,-0.093,1.069,1.074,1.070,1.059,1.077,1.059,224202,239663,159897,11:11:54,00,正常
88,sz159891,医疗ETF基金,0.804,0.002,0.249,0.803,0.804,0.802,0.801,0.808,0.794,2471301,1982685,159891,11:12:09,00,正常
89,sz159890,云计算ETF,1.088,-0.003,-0.275,1.087,1.088,1.091,1.092,1.092,1.086,1034000,1125722,159890,11:12:12,00,正常
90,sz159888,智能车ETF,1.166,-0.004,-0.342,1.166,1.167,1.170,1.170,1.172,1.161,1890202,2208526,159888,11:12:09,00,正常
91,sz159887,银行ETF,0.934,0.004,0.430,0.933,0.934,0.930,0.931,0.941,0.927,8608227,8028137,159887,11:12:15,00,正常
92,sz159886,机械ETF,1.339,0.018,1.363,1.338,1.339,1.321,1.342,1.350,1.312,7235400,9658263,159886,11:12:12,00,正常
93,sz159885,碳中和ETF基金,1.539,0.039,2.600,1.539,1.540,1.500,1.502,1.554,1.500,17221601,26369231,159885,11:12:12,00,正常
94,sz159883,医疗器械ETF,0.853,0.010,1.186,0.853,0.854,0.843,0.843,0.858,0.839,19288100,16399263,159883,11:12:15,00,正常
95,sz159881,有色60ETF,1.337,0.034,2.609,1.336,1.337,1.303,1.320,1.353,1.303,3214515,4305311,159881,11:12:12,00,正常
96,sz159880,有色ETF基金,1.420,0.045,3.273,1.421,1.422,1.375,1.377,1.438,1.377,2223408,3157110,159880,11:12:15,00,正常
97,sz159876,有色龙头ETF,1.496,0.044,3.030,1.494,1.496,1.452,1.460,1.510,1.460,2197201,3275016,159876,11:12:15,00,正常
98,sz159875,新能源ETF,1.033,0.031,3.094,1.033,1.034,1.002,1.010,1.045,0.999,109265214,112368707,159875,11:12:12,00,正常
99,sz159873,医疗设备ETF,0.998,0.013,1.320,0.997,0.998,0.985,0.986,1.001,0.977,10935300,10875239,159873,11:12:09,00,正常
100,sz159872,车联网ETF,0.996,-0.004,-0.400,0.994,0.996,1.000,1.000,1.003,0.990,2804624,2799758,159872,11:11:54,00,正常
101,sz159871,有色金属ETF,1.449,0.040,2.839,1.449,1.450,1.409,1.413,1.466,1.413,4466424,6491786,159871,11:12:15,00,正常
102,sz159870,化工ETF,1.089,0.013,1.208,1.089,1.090,1.076,1.080,1.092,1.076,22912578,24893727,159870,11:12:15,00,正常
103,sz159869,游戏ETF,0.818,-0.005,-0.608,0.818,0.819,0.823,0.818,0.824,0.817,3766735,3087968,159869,11:12:09,00,正常
104,sz159867,畜牧ETF,0.725,-0.002,-0.275,0.724,0.725,0.727,0.727,0.731,0.722,11572901,8390743,159867,11:12:15,00,正常
105,sz159866,日经ETF,0.922,0.007,0.765,0.922,0.924,0.915,0.919,0.925,0.919,76400,70503,159866,11:12:06,00,正常
106,sz159865,养殖ETF,0.736,-0.001,-0.136,0.735,0.736,0.737,0.738,0.742,0.733,24754000,18232839,159865,11:12:15,00,正常
107,sz159864,光伏50ETF,1.033,0.031,3.094,1.031,1.032,1.002,1.008,1.044,1.003,88883065,91207843,159864,11:12:15,00,正常
108,sz159863,光伏ETF基金,1.628,0.043,2.713,1.628,1.630,1.585,1.595,1.643,1.585,10627454,17141362,159863,11:12:15,00,正常
109,sz159861,碳中和50ETF,1.566,0.037,2.420,1.565,1.566,1.529,1.529,1.579,1.526,12980900,20281135,159861,11:12:00,00,正常
110,sz159859,生物医药ETF,0.945,0.014,1.504,0.946,0.947,0.931,0.931,0.951,0.931,12544503,11847717,159859,11:12:12,00,正常
111,sz159858,创新药指ETF,1.050,0.018,1.744,1.049,1.050,1.032,1.032,1.053,1.032,14310500,14977550,159858,11:12:12,00,正常
112,sz159857,光伏ETF,1.411,0.035,2.544,1.411,1.412,1.376,1.390,1.425,1.369,54469920,76303886,159857,11:12:12,00,正常
113,sz159856,互联网龙头ETF,0.751,0.013,1.762,0.749,0.751,0.738,0.740,0.751,0.740,6282205,4697188,159856,11:12:15,00,正常
114,sz159855,影视ETF,0.872,-0.016,-1.802,0.872,0.873,0.888,0.888,0.888,0.871,4321700,3775737,159855,11:12:09,00,正常
115,sz159852,软件ETF,1.068,-0.003,-0.280,1.068,1.069,1.071,1.074,1.074,1.065,17872500,19093482,159852,11:12:15,00,正常
116,sz159851,金融科技ETF,1.155,0.010,0.873,1.154,1.155,1.145,1.150,1.155,1.141,1606823,1841883,159851,11:12:09,00,正常
117,sz159850,恒生国企50ETF,0.783,0.011,1.425,0.783,0.784,0.772,0.778,0.787,0.778,12094253,9459993,159850,11:12:15,00,正常
118,sz159849,生物科技ETF招商,0.923,0.011,1.206,0.923,0.924,0.912,0.912,0.930,0.912,3887000,3584531,159849,11:12:09,00,正常
119,sz159848,证券ETF基金,0.924,0.024,2.667,0.923,0.925,0.900,0.902,0.924,0.895,9325574,8455553,159848,11:12:12,00,正常
120,sz159847,医疗50ETF,0.808,0.021,2.668,0.808,0.809,0.787,0.792,0.811,0.789,23689901,18984857,159847,11:12:15,00,正常
121,sz159846,中证1000ETF基金,1.002,0.001,0.100,1.002,1.006,1.001,1.006,1.007,1.001,16236679,16329775,159846,11:12:09,00,正常
122,sz159845,中证1000ETF,0.804,0.006,0.752,0.804,0.805,0.798,0.799,0.807,0.795,35050243,28064012,159845,11:12:12,00,正常
123,sz159843,食品饮料ETF,0.818,0.018,2.250,0.818,0.819,0.800,0.795,0.818,0.795,20835300,16851779,159843,11:12:03,00,正常
124,sz159842,券商ETF,1.094,0.022,2.052,1.094,1.095,1.072,1.072,1.095,1.062,20050945,21560993,159842,11:12:15,00,正常
125,sz159841,证券ETF,1.055,0.024,2.328,1.054,1.055,1.031,1.032,1.055,1.021,75976985,78516046,159841,11:12:15,00,正常
126,sz159840,锂电池ETF,1.047,0.030,2.950,1.046,1.047,1.017,1.019,1.060,1.018,46149914,48083620,159840,11:12:12,00,正常
127,sz159839,生物药ETF,0.914,0.015,1.669,0.913,0.914,0.899,0.898,0.919,0.898,9964704,9081379,159839,11:12:03,00,正常
128,sz159838,医药ETF基金,0.933,0.006,0.647,0.934,0.935,0.927,0.925,0.937,0.925,948200,885774,159838,11:12:09,00,正常
129,sz159837,生物科技ETF,0.882,0.014,1.613,0.881,0.882,0.868,0.867,0.886,0.867,75197316,66097093,159837,11:12:15,00,正常
130,sz159836,创300ETF,1.133,0.010,0.890,1.133,1.135,1.123,1.123,1.139,1.114,1073309,1212902,159836,11:12:09,00,正常
131,sz159835,创新药50ETF,1.063,0.013,1.238,1.062,1.065,1.050,1.050,1.067,1.040,1222607,1299986,159835,11:12:12,00,正常
132,sz159830,上海金ETF,3.723,0.024,0.649,3.721,3.722,3.699,3.702,3.728,3.702,1556094,5794606,159830,11:12:03,00,正常
133,sz159828,医疗ETF,0.907,0.023,2.602,0.906,0.907,0.884,0.886,0.910,0.885,50331400,45267541,159828,11:12:15,00,正常
134,sz159827,农业50ETF,0.940,0.006,0.642,0.939,0.940,0.934,0.936,0.942,0.930,3215800,3017806,159827,11:12:15,00,正常
135,sz159825,农业ETF,0.902,0.004,0.445,0.901,0.902,0.898,0.900,0.903,0.894,36001000,32400058,159825,11:12:15,00,正常
136,sz159824,新能车ETF,1.586,0.041,2.654,1.584,1.586,1.545,1.547,1.608,1.546,24577103,38951465,159824,11:12:15,00,正常
137,sz159823,H股ETF基金,0.863,0.010,1.172,0.863,0.864,0.853,0.856,0.867,0.856,6683001,5765810,159823,11:12:15,00,正常
138,sz159822,新经济ETF,0.828,0.017,2.096,0.828,0.829,0.811,0.816,0.829,0.816,8101508,6684529,159822,11:12:15,00,正常
139,sz159821,BOCI创业板ETF,1.225,0.015,1.240,1.221,1.231,1.210,1.210,1.235,1.210,86600,105927,159821,11:12:06,00,正常
140,sz159820,中证500ETF天弘,1.108,0.008,0.727,1.108,1.109,1.100,1.102,1.110,1.096,2921000,3217701,159820,11:12:15,00,正常
141,sz159819,人工智能ETF,1.005,-0.002,-0.199,1.005,1.006,1.007,1.008,1.012,1.000,36297970,36508149,159819,11:12:09,00,正常
142,sz159816,0-4地债ETF,100.450,-0.002,-0.002,100.452,100.498,100.452,100.452,100.720,100.400,12300,1235618,159816,11:11:48,00,正常
143,sz159815,浙江100ETF,1.187,0.013,1.107,1.186,1.187,1.174,1.174,1.187,1.174,119608,141521,159815,11:12:12,00,正常
144,sz159814,创业大盘ETF,0.663,0.010,1.531,0.662,0.664,0.653,0.653,0.665,0.648,35118505,23116713,159814,11:12:06,00,正常
145,sz159813,半导体ETF,1.638,0.027,1.676,1.638,1.639,1.611,1.621,1.654,1.596,20052000,32564635,159813,11:12:09,00,正常
146,sz159812,黄金基金ETF,3.723,0.029,0.785,3.718,3.721,3.694,3.704,3.725,3.704,31100,115764,159812,11:11:42,00,正常
147,sz159811,5G50ETF,1.168,0.006,0.516,1.169,1.170,1.162,1.169,1.173,1.158,5458023,6361358,159811,11:12:15,00,正常
148,sz159810,浦银创业板ETF,1.327,0.018,1.375,1.323,1.324,1.309,1.309,1.328,1.297,3216500,4229631,159810,11:12:06,00,正常
149,sz159809,大湾区ETF基金,1.164,0.008,0.692,1.164,1.165,1.156,1.163,1.164,1.163,3100,3606,159809,11:12:09,00,正常
150,sz159808,创业板ETF融通,1.251,0.014,1.132,1.250,1.251,1.237,1.237,1.255,1.228,3581200,4477737,159808,11:12:06,00,正常
151,sz159807,科技ETF,0.795,0.003,0.379,0.795,0.796,0.792,0.793,0.799,0.791,34920432,27758766,159807,11:12:15,00,正常
152,sz159806,新能源车ETF,3.205,0.079,2.527,3.205,3.209,3.126,3.130,3.254,3.130,21807900,69782533,159806,11:12:15,00,正常
153,sz159805,传媒ETF,0.908,-0.006,-0.656,0.907,0.908,0.914,0.912,0.912,0.904,1618401,1469008,159805,11:12:12,00,正常
154,sz159804,创中盘88ETF,1.418,0.005,0.354,1.414,1.417,1.413,1.405,1.422,1.399,558001,789148,159804,11:12:15,00,正常
155,sz159803,浙江新动能ETF,1.263,0.020,1.609,1.254,1.263,1.243,1.243,1.317,1.224,231240,293245,159803,11:11:24,00,正常
156,sz159801,芯片龙头ETF,1.715,0.026,1.539,1.715,1.716,1.689,1.696,1.731,1.670,44951519,76254168,159801,11:12:15,00,正常
157,sz159790,碳中和ETF,1.016,0.025,2.523,1.016,1.017,0.991,0.994,1.025,0.991,349821589,354482627,159790,11:12:15,00,正常
158,sz159786,VRETF,1.001,0.004,0.401,1.001,1.003,0.997,0.997,1.007,0.991,11260149,11277211,159786,11:12:09,00,正常
159,sz159783,双创基金ETF,0.923,0.012,1.317,0.923,0.924,0.911,0.913,0.928,0.907,414877738,381572694,159783,11:12:15,00,正常
160,sz159782,双创50ETF基金,0.908,0.013,1.453,0.907,0.908,0.895,0.896,0.912,0.890,31348530,28343510,159782,11:12:15,00,正常
161,sz159781,双创50ETF,0.910,0.011,1.224,0.909,0.910,0.899,0.902,0.915,0.895,578790347,525388545,159781,11:12:15,00,正常
162,sz159780,双创ETF,0.921,0.013,1.432,0.920,0.921,0.908,0.911,0.924,0.903,265446534,243263189,159780,11:12:15,00,正常
163,sz159767,电池龙头ETF,1.057,0.032,3.122,1.056,1.058,1.025,1.027,1.070,1.026,36926888,38846351,159767,11:12:12,00,正常
164,sz159766,旅游ETF,0.908,0.007,0.777,0.907,0.908,0.901,0.900,0.908,0.898,4591807,4146076,159766,11:12:09,00,正常
165,sz159757,电池ETF基金,1.050,0.029,2.840,1.050,1.051,1.021,1.023,1.068,1.023,76890904,80945328,159757,11:12:12,00,正常
166,sz159755,电池ETF,1.345,0.039,2.986,1.344,1.345,1.306,1.312,1.366,1.309,150472788,202237404,159755,11:12:15,00,正常
167,sz159752,新能源龙头ETF,1.058,0.029,2.818,1.058,1.059,1.029,1.044,1.069,1.033,15334000,16199802,159752,11:12:15,00,正常
168,sz159747,香港科技ETF,0.845,0.034,4.192,0.844,0.845,0.811,0.821,0.848,0.821,20904338,17574472,159747,11:12:15,00,正常
169,sz159745,建材ETF,1.011,-0.004,-0.394,1.011,1.012,1.015,1.013,1.018,1.006,31379303,31757994,159745,11:12:15,00,正常
170,sz159742,恒生科技指数ETF,0.791,0.028,3.670,0.790,0.792,0.763,0.790,0.794,0.777,23417000,18449897,159742,11:12:09,00,正常
171,sz159741,恒生科技ETF基金,0.778,0.027,3.595,0.776,0.778,0.751,0.756,0.780,0.756,12328400,9532946,159741,11:12:15,00,正常
172,sz159740,恒生科技ETF,0.790,0.030,3.947,0.789,0.790,0.760,0.771,0.792,0.771,27953202,21958995,159740,11:12:09,00,正常
173,sz159735,港股消费ETF,0.885,0.019,2.194,0.884,0.886,0.866,0.886,0.887,0.878,8418800,7424791,159735,11:12:12,00,正常
174,sz159732,消费电子ETF,1.012,0.007,0.697,1.013,1.014,1.005,1.003,1.016,1.000,54178160,54795224,159732,11:12:12,00,正常
175,sz159729,互联网ETF,0.884,0.013,1.493,0.884,0.885,0.871,0.878,0.887,0.878,1171409,1033639,159729,11:12:09,00,正常
176,sz159725,线上消费ETF,0.840,-0.002,-0.238,0.839,0.841,0.842,0.842,0.842,0.837,239328,201126,159725,11:12:09,00,正常
177,sz159721,深创龙头ETF,0.997,0.009,0.911,0.995,0.997,0.988,0.989,1.003,0.987,5945713,5928259,159721,11:12:15,00,正常
178,sz159720,智能电动车ETF,1.043,0.018,1.756,1.041,1.043,1.025,1.022,1.052,1.022,25225673,26249237,159720,11:11:36,00,正常
179,sz159716,深创100ETF,0.997,0.004,0.403,0.997,0.998,0.993,0.993,1.004,0.989,4477767,4467571,159716,11:12:06,00,正常
180,sz159713,稀土ETF,1.036,0.025,2.473,1.035,1.037,1.011,1.010,1.052,1.002,43143323,44721998,159713,11:12:15,00,正常
181,sz159710,智能电车ETF,0.999,0.016,1.628,0.997,0.999,0.983,0.980,1.008,0.980,3189240,3194028,159710,11:11:54,00,正常
182,sz159709,物联网ETF工银,1.030,0.002,0.195,1.030,1.031,1.028,1.029,1.037,1.021,3682022,3792908,159709,11:12:15,00,正常
183,sz159708,红利ETF,0.889,0.000,0.000,0.889,0.890,0.889,0.890,0.898,0.884,5592903,4966785,159708,11:12:09,00,正常
184,sz159703,新材料ETF,1.297,0.030,2.368,1.296,1.297,1.267,1.269,1.308,1.262,4586111,5926985,159703,11:12:09,00,正常
185,sz159702,AIETF,1.138,0.004,0.353,1.134,1.136,1.134,1.134,1.139,1.130,1022600,1160055,159702,11:12:09,00,正常
186,sz159005,汇添富快钱ETF,100.000,0.000,0.000,99.989,100.000,100.000,99.999,100.000,99.997,21157,2115689,159005,11:11:27,00,正常
187,sz159003,招商快线ETF,99.994,-0.004,-0.004,99.994,99.995,99.998,99.997,99.997,99.993,89686,8968094,159003,11:12:06,00,正常
188,sz159001,货币ETF,100.000,-0.001,-0.001,99.999,100.000,100.001,100.000,100.000,99.999,2161355,216134766,159001,11:12:15,00,正常
189,sh588400,双创50ETF,0.925,0.014,1.537,0.925,0.926,0.911,0.914,0.931,0.909,113663000,104846838,588400,11:12:14,00,正常
190,sh588380,创50ETF,0.933,0.013,1.413,0.932,0.933,0.920,0.920,0.937,0.915,55856300,51875226,588380,11:12:16,00,正常
191,sh588360,科创创业ETF,0.936,0.011,1.189,0.936,0.937,0.925,0.925,0.941,0.918,44098600,41159509,588360,11:12:10,00,正常
192,sh588330,双创龙头ETF,0.911,0.014,1.561,0.910,0.911,0.897,0.899,0.915,0.893,65939100,59688145,588330,11:12:16,00,正常
193,sh588300,双创ETF,0.923,0.012,1.317,0.923,0.924,0.911,0.912,0.928,0.906,106919000,98211389,588300,11:12:16,00,正常
194,sh588180,科创50ETF基金,1.014,0.007,0.695,1.014,1.015,1.007,1.005,1.018,0.998,9807100,9931994,588180,11:12:16,00,正常
195,sh588090,科创板ETF,1.634,0.012,0.740,1.634,1.635,1.622,1.625,1.641,1.607,34518794,56264987,588090,11:12:16,00,正常
196,sh588080,科创板50ETF,1.615,0.013,0.811,1.615,1.616,1.602,1.605,1.622,1.590,97559042,156957152,588080,11:12:16,00,正常
197,sh588060,科创板龙头ETF,1.018,0.007,0.692,1.017,1.020,1.011,1.010,1.023,1.002,7594600,7732971,588060,11:12:10,00,正常
198,sh588050,科创ETF,1.612,0.007,0.436,1.612,1.613,1.605,1.605,1.620,1.588,54520220,87723430,588050,11:12:16,00,正常
199,sh588000,科创50ETF,1.634,0.013,0.802,1.634,1.635,1.621,1.624,1.641,1.611,228166257,371715777,588000,11:12:16,00,正常
200,sh562880,电池ETF基金,1.081,0.032,3.051,1.079,1.081,1.049,1.052,1.092,1.050,28659500,30826110,562880,11:12:07,00,正常
201,sh561910,电池ETF,1.008,0.027,2.752,1.007,1.008,0.981,0.981,1.019,0.981,27653500,27821508,561910,11:12:16,00,正常
202,sh561900,沪深300ESGETF,0.951,0.009,0.955,0.951,0.952,0.942,0.942,0.951,0.942,6422900,6083293,561900,11:11:52,00,正常
203,sh561800,稀金属ETF,1.042,0.024,2.358,1.042,1.043,1.018,1.010,1.061,1.009,168621526,173936702,561800,11:12:10,00,正常
204,sh561500,漂亮50ETF,0.854,0.008,0.946,0.853,0.854,0.846,0.846,0.854,0.844,2714000,2309081,561500,11:12:16,00,正常
205,sh518890,中银上海金ETF,3.754,0.028,0.751,3.752,3.754,3.726,3.754,3.760,3.754,190200,714511,518890,11:12:16,00,正常
206,sh518880,黄金ETF,3.678,0.026,0.712,3.678,3.679,3.652,3.677,3.687,3.676,232134319,854718658,518880,11:12:16,00,正常
207,sh518860,黄金ETFAU,3.626,0.011,0.304,3.626,3.674,3.615,3.617,3.678,3.617,60238,221465,518860,11:12:17,00,正常
208,sh518850,黄金ETF9999,3.723,0.026,0.703,3.722,3.724,3.697,3.711,3.730,3.711,686400,2557228,518850,11:12:13,00,正常
209,sh518800,黄金基金ETF,3.642,0.025,0.691,3.641,3.642,3.617,3.640,3.650,3.640,29031500,105796086,518800,11:12:16,00,正常
210,sh518680,金ETF,3.717,0.027,0.732,3.714,3.716,3.690,3.700,3.724,3.700,439500,1634276,518680,11:12:13,00,正常
211,sh518660,黄金ETF基金,3.723,0.026,0.703,3.720,3.723,3.697,3.705,3.729,3.705,261601,974096,518660,11:12:13,00,正常
212,sh518600,上海金ETF,3.720,0.027,0.731,3.720,3.722,3.693,3.721,3.727,3.720,290748,1083009,518600,11:12:11,00,正常
213,sh517380,创新药沪港深ETF,0.912,0.018,2.013,0.912,0.913,0.894,0.898,0.919,0.898,6926300,6323855,517380,11:12:15,00,正常
214,sh517360,沪港深科技ETF,0.969,0.007,0.728,0.968,0.969,0.962,0.965,0.974,0.965,2879300,2792632,517360,11:11:58,00,正常
215,sh517350,中概科技ETF,0.865,0.012,1.407,0.865,0.867,0.853,0.856,0.868,0.856,1261900,1092085,517350,11:12:08,00,正常
216,sh517300,沪港深300ETF,0.852,0.013,1.549,0.852,0.853,0.839,0.841,0.854,0.841,6876000,5842035,517300,11:12:16,00,正常
217,sh517200,互联网ETF,0.768,0.011,1.453,0.767,0.768,0.757,0.757,0.769,0.757,3339000,2554613,517200,11:12:14,00,正常
218,sh517170,沪港深ETF,0.932,0.007,0.757,0.933,0.935,0.925,0.933,0.933,0.932,503800,470044,517170,11:12:02,00,正常
219,sh517120,沪港深创新药ETF,0.877,0.019,2.214,0.877,0.878,0.858,0.860,0.883,0.857,3580400,3138348,517120,11:12:14,00,正常
220,sh517100,500ETF沪港深,0.887,0.013,1.487,0.885,0.887,0.874,0.879,0.888,0.878,7808300,6892132,517100,11:12:10,00,正常
221,sh517080,沪港深500ETF基金,0.885,0.010,1.143,0.884,0.885,0.875,0.875,0.886,0.875,6753700,5962240,517080,11:12:16,00,正常
222,sh517060,沪港深ETF500,0.927,0.006,0.651,0.929,0.931,0.921,0.925,0.927,0.925,254100,235091,517060,11:12:13,00,正常
223,sh517050,互联网50ETF,0.797,0.013,1.658,0.797,0.798,0.784,0.789,0.798,0.789,8223700,6538389,517050,11:12:01,00,正常
224,sh517010,沪港深500ETF指数,0.982,0.012,1.237,0.982,0.983,0.970,0.965,0.984,0.965,3558100,3493945,517010,11:12:17,00,正常
225,sh517000,沪港深500ETF,0.883,0.010,1.145,0.883,0.884,0.873,0.876,0.883,0.876,6824700,6008826,517000,11:12:13,00,正常
226,sh516980,证券先锋ETF,1.112,0.026,2.394,1.113,1.116,1.086,1.076,1.118,1.076,21136600,22958185,516980,11:12:15,00,正常
227,sh516970,基建50ETF,1.079,-0.005,-0.461,1.078,1.079,1.084,1.086,1.092,1.076,16354800,17672460,516970,11:12:16,00,正常
228,sh516960,机械ETF,1.272,0.012,0.952,1.272,1.273,1.260,1.276,1.284,1.245,15175000,19176750,516960,11:12:13,00,正常
229,sh516950,基建ETF,1.067,-0.003,-0.280,1.066,1.067,1.070,1.070,1.072,1.064,5835900,6227382,516950,11:12:16,00,正常
230,sh516930,生物科技ETF基金,0.941,0.011,1.183,0.942,0.944,0.930,0.930,0.948,0.930,6164700,5813689,516930,11:12:16,00,正常
231,sh516920,芯片ETF基金,0.990,0.019,1.957,0.989,0.990,0.971,0.973,0.999,0.961,12689100,12444912,516920,11:12:16,00,正常
232,sh516910,物流ETF,1.039,0.006,0.581,1.039,1.040,1.033,1.032,1.040,1.030,4185900,4332322,516910,11:12:16,00,正常
233,sh516900,食品50ETF,0.842,0.017,2.061,0.843,0.844,0.825,0.823,0.843,0.823,4245500,3554733,516900,11:12:15,00,正常
234,sh516890,新材ETF,1.066,0.019,1.815,1.066,1.068,1.047,1.047,1.077,1.045,10054000,10752020,516890,11:12:16,00,正常
235,sh516880,光伏50ETF,1.407,0.035,2.551,1.408,1.412,1.372,1.378,1.420,1.367,38660795,54002428,516880,11:12:16,00,正常
236,sh516870,汽车龙头ETF,1.060,0.008,0.760,1.060,1.061,1.052,1.059,1.072,1.052,13793900,14649693,516870,11:12:16,00,正常
237,sh516850,新能源80ETF,1.611,0.046,2.939,1.611,1.613,1.565,1.563,1.628,1.549,3477800,5589798,516850,11:12:10,00,正常
238,sh516830,300ESGETF,0.940,0.012,1.293,0.938,0.940,0.928,0.920,0.940,0.920,3010900,2824120,516830,11:12:13,00,正常
239,sh516820,医疗创新ETF,0.783,0.015,1.953,0.782,0.784,0.768,0.769,0.785,0.764,27344900,21262598,516820,11:12:14,00,正常
240,sh516800,智能制造ETF,1.291,0.001,0.078,1.291,1.292,1.290,1.300,1.306,1.272,27579000,35522590,516800,11:12:16,00,正常
241,sh516790,医疗保健ETF,0.991,0.011,1.122,0.991,0.992,0.980,0.980,0.996,0.974,12865911,12710501,516790,11:12:10,00,正常
242,sh516780,稀土ETF,1.405,0.028,2.033,1.406,1.407,1.377,1.377,1.430,1.365,85672054,120450480,516780,11:12:16,00,正常
243,sh516770,游戏动漫ETF,0.811,-0.003,-0.369,0.810,0.811,0.814,0.815,0.816,0.809,2105000,1709072,516770,11:12:04,00,正常
244,sh516760,养殖ETF,0.770,-0.002,-0.259,0.768,0.770,0.772,0.772,0.776,0.766,1259900,970741,516760,11:12:16,00,正常
245,sh516720,ESGETF,0.977,0.011,1.139,0.977,0.978,0.966,0.966,0.978,0.966,17539600,17051690,516720,11:11:50,00,正常
246,sh516710,新材料50ETF,1.031,0.019,1.877,1.031,1.035,1.012,1.012,1.042,1.007,30501100,31449373,516710,11:12:16,00,正常
247,sh516700,大数据产业ETF,1.066,-0.003,-0.281,1.064,1.066,1.069,1.067,1.071,1.064,886400,944921,516700,11:12:16,00,正常
248,sh516680,有色ETF基金,1.251,0.035,2.878,1.251,1.252,1.216,1.217,1.268,1.217,3230000,4046824,516680,11:12:16,00,正常
249,sh516670,畜牧养殖ETF,0.768,-0.003,-0.389,0.768,0.769,0.771,0.771,0.776,0.766,5737000,4416363,516670,11:12:16,00,正常
250,sh516660,新能汽车ETF,1.536,0.040,2.674,1.536,1.537,1.496,1.500,1.559,1.500,18954000,29241544,516660,11:12:17,00,正常
251,sh516650,有色50ETF,1.338,0.038,2.923,1.338,1.342,1.300,1.300,1.353,1.300,3759900,4983763,516650,11:12:16,00,正常
252,sh516610,医疗服务ETF,0.880,0.014,1.617,0.879,0.881,0.866,0.870,0.884,0.862,3715300,3231689,516610,11:12:02,00,正常
253,sh516600,消费服务ETF,0.798,0.011,1.398,0.797,0.798,0.787,0.790,0.799,0.789,3681600,2919556,516600,11:12:04,00,正常
254,sh516590,智能电动汽车ETF,1.433,0.022,1.559,1.433,1.435,1.411,1.413,1.460,1.356,15905300,22851749,516590,11:12:16,00,正常
255,sh516580,新能源主题ETF,1.062,0.031,3.007,1.062,1.063,1.031,1.032,1.075,1.031,19064900,20181468,516580,11:12:15,00,正常
256,sh516570,化工行业ETF,1.094,0.009,0.829,1.093,1.095,1.085,1.085,1.097,1.085,4010300,4390155,516570,11:12:16,00,正常
257,sh516550,农业ETF,0.870,0.009,1.045,0.869,0.870,0.861,0.861,0.871,0.858,5055900,4376683,516550,11:12:16,00,正常
258,sh516520,智能驾驶ETF,1.084,-0.003,-0.276,1.083,1.085,1.087,1.088,1.096,1.078,2887500,3132035,516520,11:12:13,00,正常
259,sh516510,云计算ETF,1.074,-0.002,-0.186,1.073,1.074,1.076,1.076,1.083,1.070,4064500,4365998,516510,11:12:13,00,正常
260,sh516500,生物科技ETF,1.122,0.018,1.630,1.121,1.123,1.104,1.104,1.128,1.104,2170800,2428789,516500,11:12:10,00,正常
261,sh516480,新材料ETF基金,1.247,0.024,1.962,1.247,1.251,1.223,1.223,1.261,1.218,7088800,8812187,516480,11:12:16,00,正常
262,sh516400,ESG龙头ETF,0.926,0.004,0.434,0.928,0.930,0.922,0.926,0.929,0.923,778700,722934,516400,11:12:11,00,正常
263,sh516390,新能源汽车ETF,1.334,0.040,3.091,1.333,1.334,1.294,1.304,1.352,1.300,27774600,36994605,516390,11:12:16,00,正常
264,sh516380,智能电动车ETF,1.193,0.015,1.273,1.192,1.193,1.178,1.178,1.207,1.171,7685500,9183168,516380,11:12:10,00,正常
265,sh516360,新材料ETF,1.416,0.024,1.724,1.416,1.417,1.392,1.391,1.429,1.382,11110400,15658651,516360,11:12:07,00,正常
266,sh516330,物联网ETF,1.196,0.007,0.589,1.196,1.197,1.189,1.193,1.199,1.178,2880500,3423831,516330,11:12:04,00,正常
267,sh516320,高端装备ETF,1.209,0.001,0.083,1.209,1.210,1.208,1.223,1.233,1.188,18558200,22391558,516320,11:12:10,00,正常
268,sh516310,银行ETF易方达,0.906,0.001,0.110,0.906,0.907,0.905,0.906,0.915,0.902,8190500,7419863,516310,11:12:14,00,正常
269,sh516300,1000ETF基金,1.211,0.007,0.581,1.210,1.212,1.204,1.204,1.216,1.200,547800,662072,516300,11:12:07,00,正常
270,sh516290,光伏ETF基金,1.042,0.023,2.257,1.042,1.043,1.019,1.018,1.052,1.012,28646697,29735877,516290,11:12:16,00,正常
271,sh516270,新能源50ETF,1.055,0.026,2.527,1.053,1.054,1.029,1.030,1.064,1.026,19636900,20602519,516270,11:12:10,00,正常
272,sh516260,物联网50ETF,0.993,0.010,1.017,0.990,0.993,0.983,0.985,0.995,0.970,1012400,997994,516260,11:12:16,00,正常
273,sh516220,化工龙头ETF,1.188,0.014,1.193,1.188,1.189,1.174,1.179,1.192,1.176,10295700,12225038,516220,11:11:56,00,正常
274,sh516200,证券行业ETF,1.121,0.025,2.281,1.123,1.124,1.096,1.099,1.121,1.088,1424500,1568634,516200,11:12:17,00,正常
275,sh516180,光伏产业ETF,1.374,0.028,2.080,1.374,1.376,1.346,1.355,1.389,1.335,12631700,17252408,516180,11:12:16,00,正常
276,sh516160,新能源ETF,1.368,0.037,2.780,1.367,1.368,1.331,1.332,1.384,1.329,133820519,182363226,516160,11:12:16,00,正常
277,sh516150,稀土ETF基金,1.514,0.036,2.436,1.513,1.514,1.478,1.480,1.536,1.470,33987600,51305557,516150,11:12:13,00,正常
278,sh516120,化工50ETF,1.135,0.012,1.069,1.135,1.136,1.123,1.125,1.138,1.125,17971400,20328807,516120,11:12:07,00,正常
279,sh516110,汽车ETF,1.283,0.011,0.865,1.282,1.283,1.272,1.271,1.298,1.270,18997600,24445145,516110,11:12:17,00,正常
280,sh516100,科技金融ETF,0.940,0.008,0.858,0.940,0.942,0.932,0.929,0.942,0.915,1311800,1226196,516100,11:12:17,00,正常
281,sh516090,新能源ETF易方达,1.625,0.050,3.175,1.625,1.629,1.575,1.574,1.640,1.574,26721900,43114644,516090,11:12:16,00,正常
282,sh516080,创新药ETF易方达,0.955,0.016,1.704,0.955,0.956,0.939,0.939,0.960,0.939,10130100,9665206,516080,11:12:16,00,正常
283,sh516070,碳中和50ETF,1.467,0.036,2.516,1.467,1.468,1.431,1.433,1.479,1.431,33029800,48299856,516070,11:12:16,00,正常
284,sh516060,创新药产业ETF,0.935,0.015,1.630,0.935,0.936,0.920,0.925,0.940,0.923,3444100,3200945,516060,11:12:07,00,正常
285,sh516050,科技龙头ETF,0.909,0.005,0.553,0.909,0.910,0.904,0.904,0.913,0.902,14649800,13306734,516050,11:12:16,00,正常
286,sh516020,化工ETF,1.130,0.014,1.254,1.129,1.131,1.116,1.129,1.134,1.118,13949700,15735371,516020,11:12:10,00,正常
287,sh516010,游戏ETF,0.829,-0.007,-0.837,0.829,0.830,0.836,0.836,0.840,0.827,23516000,19497352,516010,11:12:14,00,正常
288,sh516000,大数据50ETF,1.035,0.001,0.097,1.034,1.035,1.034,1.035,1.040,1.032,689300,714009,516000,11:12:08,00,正常
289,sh515990,国企一带一路ETF,1.316,0.003,0.228,1.315,1.324,1.313,1.308,1.391,1.308,282200,390006,515990,11:11:59,00,正常
290,sh515980,人工智能ETF,1.163,-0.002,-0.172,1.162,1.163,1.165,1.165,1.168,1.158,3451800,4014672,515980,11:12:10,00,正常
291,sh515960,医药健康ETF,1.228,0.009,0.738,1.227,1.230,1.219,1.220,1.231,1.216,2580000,3153014,515960,11:11:58,00,正常
292,sh515950,医药龙头ETF,1.605,0.012,0.753,1.604,1.605,1.593,1.600,1.611,1.590,5062700,8127058,515950,11:12:13,00,正常
293,sh515930,永赢沪深300ETF,5.850,0.066,1.141,5.850,5.853,5.784,5.835,5.850,5.820,105200,613690,515930,11:12:16,00,正常
294,sh515920,智能消费ETF,0.976,0.007,0.722,0.976,0.977,0.969,0.974,0.978,0.969,4313400,4191682,515920,11:12:16,00,正常
295,sh515910,质量ETF,0.803,0.013,1.646,0.801,0.803,0.790,0.797,0.803,0.790,6148300,4900443,515910,11:12:07,00,正常
296,sh515900,央创ETF,1.236,-0.003,-0.242,1.236,1.237,1.239,1.233,1.238,1.233,61300,75800,515900,11:12:13,00,正常
297,sh515890,红利ETF博时,1.371,0.011,0.809,1.369,1.372,1.360,1.363,1.371,1.363,2753300,3763903,515890,11:12:16,00,正常
298,sh515880,通信ETF,1.065,-0.002,-0.187,1.064,1.065,1.067,1.070,1.070,1.060,38578200,41071799,515880,11:12:17,00,正常
299,sh515870,先进制造ETF,1.458,-0.003,-0.205,1.455,1.458,1.461,1.473,1.474,1.451,5303300,7744314,515870,11:12:11,00,正常
300,sh515860,科技ETF基金,1.490,0.002,0.134,1.490,1.491,1.488,1.488,1.494,1.480,1200000,1787760,515860,11:12:13,00,正常
301,sh515850,证券龙头ETF,1.389,0.033,2.434,1.389,1.390,1.356,1.352,1.389,1.346,9943800,13501603,515850,11:12:16,00,正常
302,sh515830,工银中证800ETF,5.318,0.012,0.226,5.355,5.405,5.306,5.318,5.318,5.318,2000,10636,515830,11:12:08,00,正常
303,sh515820,沪深800ETF,1.403,0.010,0.718,1.408,1.409,1.393,1.404,1.407,1.401,47000,65939,515820,11:12:16,00,正常
304,sh515810,中证800ETF,1.430,0.010,0.704,1.433,1.435,1.420,1.421,1.430,1.421,3967300,5662740,515810,11:12:17,00,正常
305,sh515800,800ETF,1.303,0.013,1.008,1.303,1.304,1.290,1.297,1.305,1.293,17822810,23139675,515800,11:12:16,00,正常
306,sh515790,光伏ETF,1.703,0.035,2.098,1.703,1.704,1.668,1.674,1.720,1.653,212979771,359824597,515790,11:12:16,00,正常
307,sh515780,浦银MSCI中国ETF,1.580,0.017,1.088,1.579,1.580,1.563,1.563,1.582,1.563,6214800,9776248,515780,11:12:16,00,正常
308,sh515770,上投摩根MSCIAETF,1.374,0.016,1.178,1.374,1.375,1.358,1.358,1.375,1.351,13264900,18155856,515770,11:11:56,00,正常
309,sh515760,浙江国资ETF,1.127,-0.003,-0.265,1.125,1.127,1.130,1.133,1.133,1.127,15400,17437,515760,11:12:14,00,正常
310,sh515750,科技50ETF,1.600,0.001,0.063,1.600,1.601,1.599,1.603,1.610,1.590,9850200,15761002,515750,11:12:07,00,正常
311,sh515710,食品ETF,0.794,0.017,2.188,0.794,0.795,0.777,0.779,0.794,0.773,82007500,64490831,515710,11:12:17,00,正常
312,sh515700,新能车ETF,3.210,0.077,2.458,3.209,3.210,3.133,3.141,3.259,3.130,103166920,330830295,515700,11:12:16,00,正常
313,sh515690,股息龙头ETF,1.279,-0.004,-0.312,1.281,1.283,1.283,1.284,1.284,1.277,141300,180988,515690,11:11:52,00,正常
314,sh515680,嘉实央企创新ETF,1.246,0.003,0.241,1.246,1.249,1.243,1.243,1.248,1.227,864500,1069385,515680,11:12:16,00,正常
315,sh515670,中银中证100ETF,1.194,0.012,1.015,1.195,1.196,1.182,1.194,1.194,1.187,9100,10816,515670,11:11:59,00,正常
316,sh515660,国联安沪深300ETF,5.304,0.026,0.493,5.305,5.336,5.278,5.275,5.337,5.264,167400,887665,515660,11:12:07,00,正常
317,sh515650,消费50ETF,1.380,0.018,1.322,1.380,1.381,1.362,1.373,1.383,1.361,25104400,34459316,515650,11:12:16,00,正常
318,sh515630,证保ETF,1.219,0.020,1.668,1.219,1.220,1.199,1.199,1.219,1.189,10481300,12561006,515630,11:12:17,00,正常
319,sh515610,中银中证800ETF,1.040,0.005,0.483,1.043,1.046,1.035,1.037,1.046,1.037,1378300,1433563,515610,11:12:05,00,正常
320,sh515600,央企创新ETF,1.228,-0.006,-0.486,1.228,1.230,1.234,1.234,1.234,1.225,919000,1130073,515600,11:12:16,00,正常
321,sh515590,500等权ETF,1.545,0.009,0.586,1.543,1.548,1.536,1.535,1.545,1.535,8100,12508,515590,11:12:16,00,正常
322,sh515580,科技100ETF,1.837,-0.002,-0.109,1.835,1.836,1.839,1.843,1.843,1.823,6213900,11421849,515580,11:12:13,00,正常
323,sh515570,山证红利ETF,1.106,0.002,0.181,1.104,1.106,1.104,1.104,1.106,1.096,635100,699322,515570,11:12:01,00,正常
324,sh515560,证券ETF建信,1.040,0.024,2.362,1.040,1.041,1.016,1.014,1.040,1.011,31087610,31850921,515560,11:12:17,00,正常
325,sh515550,中融中证500ETF,1.449,0.005,0.346,1.447,1.449,1.444,1.443,1.449,1.443,4500,6511,515550,11:12:16,00,正常
326,sh515530,泰康中证500ETF,3.636,0.037,1.028,3.634,3.637,3.599,3.600,3.639,3.593,1340374,4849459,515530,11:12:16,00,正常
327,sh515520,MSCI价值100ETF,1.288,0.002,0.156,1.291,1.297,1.286,1.288,1.288,1.288,20000,25760,515520,11:11:53,00,正常
328,sh515510,成长估值ETF,1.556,0.024,1.567,1.534,1.545,1.532,1.544,1.556,1.544,80600,125194,515510,11:12:08,00,正常
329,sh515500,中证长三角领先,1.111,0.010,0.908,1.111,1.112,1.101,1.101,1.111,1.101,10800,11981,515500,11:12:07,00,正常
330,sh515450,红利低波50ETF,1.195,0.004,0.336,1.194,1.195,1.191,1.192,1.202,1.191,11449000,13673288,515450,11:12:17,00,正常
331,sh515400,大数据ETF,0.991,-0.003,-0.302,0.990,0.991,0.994,0.995,0.996,0.989,2102700,2085933,515400,11:12:11,00,正常
332,sh515390,华安沪深300ETF,1.286,0.015,1.180,1.286,1.287,1.271,1.272,1.289,1.259,8201300,10523819,515390,11:12:16,00,正常
333,sh515380,泰康沪深300ETF,5.077,0.054,1.075,5.076,5.080,5.023,5.028,5.090,5.028,12738800,64436495,515380,11:12:16,00,正常
334,sh515360,方正沪深300ETF,5.923,0.058,0.989,5.923,5.942,5.865,5.811,5.923,5.811,15800,93437,515360,11:12:16,00,正常
335,sh515350,民生加银300ETF,5.761,0.067,1.177,5.760,5.766,5.694,5.705,5.776,5.705,1481500,8498526,515350,11:12:17,00,正常
336,sh515330,300ETF天弘,1.281,0.012,0.946,1.280,1.281,1.269,1.271,1.283,1.271,2895600,3697930,515330,11:12:10,00,正常
337,sh515320,电子50ETF,1.043,0.006,0.579,1.042,1.043,1.037,1.032,1.047,1.029,18049800,18712867,515320,11:12:16,00,正常
338,sh515310,沪深300添富ETF,1.314,0.013,0.999,1.315,1.317,1.301,1.307,1.316,1.305,1352800,1772969,515310,11:12:04,00,正常
339,sh515300,红利低波ETF基金,1.104,0.002,0.181,1.104,1.106,1.102,1.103,1.108,1.098,489600,539783,515300,11:12:16,00,正常
340,sh515290,银行ETF天弘,1.021,0.001,0.098,1.020,1.021,1.020,1.016,1.031,1.016,31763300,32425776,515290,11:12:16,00,正常
341,sh515280,银行龙头ETF,1.195,0.004,0.336,1.194,1.195,1.191,1.197,1.205,1.188,12455000,14933690,515280,11:12:16,00,正常
342,sh515260,电子ETF,1.079,0.004,0.372,1.078,1.079,1.075,1.071,1.083,1.066,11944200,12813357,515260,11:12:16,00,正常
343,sh515250,智能汽车ETF,1.062,-0.001,-0.094,1.061,1.062,1.063,1.066,1.071,1.056,11508800,12232962,515250,11:12:16,00,正常
344,sh515230,软件ETF,1.031,-0.002,-0.194,1.031,1.032,1.033,1.033,1.038,1.028,22319300,23031353,515230,11:12:04,00,正常
345,sh515220,煤炭ETF,1.917,0.009,0.472,1.916,1.917,1.908,1.945,1.960,1.908,58781700,113396424,515220,11:12:16,00,正常
346,sh515210,钢铁ETF,1.925,0.051,2.721,1.925,1.926,1.874,1.861,1.933,1.857,31433400,59685323,515210,11:12:16,00,正常
347,sh515200,创新100ETF,2.125,0.008,0.378,2.124,2.125,2.117,2.122,2.141,2.104,2955400,6280258,515200,11:12:14,00,正常
348,sh515190,中银证券500ETF,1.400,0.024,1.744,1.397,1.400,1.376,1.377,1.400,1.377,14500,20256,515190,11:12:15,00,正常
349,sh515180,红利ETF易方达,1.300,0.011,0.853,1.299,1.300,1.289,1.290,1.302,1.290,10594900,13758870,515180,11:12:16,00,正常
350,sh515170,食品饮料ETF,0.767,0.018,2.403,0.767,0.768,0.749,0.752,0.767,0.748,126449488,96039324,515170,11:12:16,00,正常
351,sh515160,MSCI中国招商ETF,1.468,0.020,1.381,1.467,1.469,1.448,1.454,1.468,1.453,5576000,8143732,515160,11:12:16,00,正常
352,sh515150,一带一路ETF,1.278,0.011,0.868,1.276,1.279,1.267,1.271,1.280,1.271,64700,82655,515150,11:12:02,00,正常
353,sh515130,沪深300ETF博时,1.433,0.016,1.129,1.433,1.434,1.417,1.417,1.437,1.417,2302100,3286175,515130,11:12:16,00,正常
354,sh515120,创新药ETF,1.016,0.016,1.600,1.015,1.016,1.000,1.015,1.021,1.001,52937200,53684263,515120,11:12:17,00,正常
355,sh515110,一带一路国企ETF,1.290,0.006,0.467,1.286,1.290,1.284,1.286,1.290,1.281,1744700,2243918,515110,11:11:59,00,正常
356,sh515100,低波红利ETF,1.353,0.009,0.670,1.352,1.353,1.344,1.345,1.354,1.345,3869600,5226793,515100,11:12:16,00,正常
357,sh515090,可持续发展ETF,1.351,0.013,0.972,1.350,1.351,1.338,1.338,1.352,1.338,3000,4027,515090,11:11:52,00,正常
358,sh515080,中证红利ETF,1.444,0.012,0.838,1.444,1.445,1.432,1.433,1.447,1.433,20835600,30088397,515080,11:12:16,00,正常
359,sh515070,人工智能AIETF,1.288,0.000,0.000,1.287,1.288,1.288,1.294,1.296,1.283,2464500,3174683,515070,11:12:15,00,正常
360,sh515060,房地产ETF基金,0.957,0.007,0.737,0.956,0.957,0.950,0.951,0.959,0.951,1151200,1100396,515060,11:12:14,00,正常
361,sh515050,5GETF,1.189,0.009,0.763,1.189,1.190,1.180,1.183,1.193,1.174,84508200,99995889,515050,11:12:16,00,正常
362,sh515030,新能源车ETF,2.498,0.055,2.251,2.498,2.499,2.443,2.452,2.538,2.440,155945081,389271134,515030,11:12:16,00,正常
363,sh515020,银行ETF华夏,1.180,0.002,0.170,1.180,1.181,1.178,1.185,1.191,1.173,1333200,1581720,515020,11:12:16,00,正常
364,sh515010,券商ETF基金,1.302,0.029,2.278,1.303,1.304,1.273,1.268,1.303,1.263,9586100,12287165,515010,11:12:17,00,正常
365,sh515000,科技ETF,1.762,0.005,0.285,1.763,1.764,1.757,1.740,1.769,1.740,28927200,50910477,515000,11:12:16,00,正常
366,sh513990,港股通ETF,0.966,0.017,1.791,0.966,0.967,0.949,0.953,0.967,0.953,6689100,6440602,513990,11:12:13,00,正常
367,sh513980,港股科技ETF基金,0.816,0.028,3.553,0.816,0.817,0.788,0.809,0.823,0.806,9970700,8125991,513980,11:12:13,00,正常
368,sh513900,港股通100ETF,1.045,0.016,1.555,1.045,1.046,1.029,1.035,1.048,1.035,11556100,12054961,513900,11:12:07,00,正常
369,sh513880,日经225ETF,1.169,0.010,0.863,1.168,1.169,1.159,1.164,1.169,1.164,3414100,3985821,513880,11:12:02,00,正常
370,sh513860,港股通科技ETF,0.813,0.027,3.435,0.813,0.814,0.786,0.795,0.818,0.795,15859400,12872653,513860,11:12:13,00,正常
371,sh513800,东京证券指数ETF,1.174,0.006,0.514,1.170,1.174,1.168,1.168,1.174,1.166,39500,46176,513800,11:12:02,00,正常
372,sh513700,香港医药ETF,0.874,0.028,3.310,0.874,0.875,0.846,0.857,0.887,0.855,23417200,20537947,513700,11:12:05,00,正常
373,sh513690,恒生高股息ETF,0.936,0.000,0.000,0.936,0.937,0.936,0.936,0.939,0.935,5983000,5611349,513690,11:12:11,00,正常
374,sh513680,恒生国企ETF,0.860,0.005,0.585,0.860,0.863,0.855,0.860,0.865,0.859,244500,210473,513680,11:12:16,00,正常
375,sh513660,恒生ETF,2.472,0.030,1.229,2.471,2.473,2.442,2.455,2.479,2.455,5638400,13900237,513660,11:12:16,00,正常
376,sh513600,恒生指数ETF,2.425,0.033,1.380,2.425,2.427,2.392,2.402,2.427,2.402,11597800,28049384,513600,11:12:16,00,正常
377,sh513590,香港消费ETF,0.972,0.019,1.994,0.970,0.972,0.953,0.960,0.973,0.960,12087200,11734542,513590,11:12:11,00,正常
378,sh513580,恒生科技ETF基金,0.789,0.030,3.953,0.789,0.790,0.759,0.774,0.793,0.774,45652300,35812421,513580,11:12:16,00,正常
379,sh513550,港股通50ETF,0.917,0.012,1.326,0.916,0.918,0.905,0.912,0.919,0.912,74418500,68129992,513550,11:12:17,00,正常
380,sh513520,日经ETF,1.203,0.010,0.838,1.203,1.204,1.193,1.201,1.204,1.200,4015600,4829276,513520,11:12:01,00,正常
381,sh513500,标普500ETF,2.752,0.014,0.511,2.751,2.752,2.738,2.753,2.754,2.748,6514300,17926734,513500,11:12:13,00,正常
382,sh513360,教育ETF,0.504,0.001,0.199,0.503,0.504,0.503,0.502,0.505,0.501,21581800,10852009,513360,11:12:08,00,正常
383,sh513330,恒生互联网ETF,0.645,0.021,3.365,0.645,0.646,0.624,0.636,0.648,0.635,1052182370,675384442,513330,11:12:16,00,正常
384,sh513300,纳斯达克ETF,1.262,0.015,1.203,1.261,1.263,1.247,1.260,1.264,1.259,6320100,7973030,513300,11:12:16,00,正常
385,sh513180,恒生科技指数ETF,0.789,0.028,3.679,0.789,0.790,0.761,0.777,0.793,0.775,340454800,267622010,513180,11:12:16,00,正常
386,sh513130,恒生科技ETF,0.788,0.028,3.684,0.787,0.788,0.760,0.772,0.791,0.772,158004100,123945358,513130,11:12:16,00,正常
387,sh513100,纳指ETF,5.118,0.068,1.347,5.117,5.118,5.050,5.106,5.122,5.106,14686000,75093283,513100,11:12:13,00,正常
388,sh513090,香港证券ETF,1.303,0.023,1.797,1.303,1.304,1.280,1.288,1.306,1.276,161460400,208000248,513090,11:12:17,00,正常
389,sh513080,法国CAC40ETF,1.299,-0.001,-0.077,1.298,1.300,1.300,1.299,1.305,1.299,168300,218959,513080,11:12:07,00,正常
390,sh513060,恒生医疗ETF,0.922,0.030,3.363,0.921,0.922,0.892,0.914,0.933,0.910,55629700,51357322,513060,11:12:14,00,正常
391,sh513050,中概互联网ETF,1.517,0.043,2.917,1.517,1.518,1.474,1.499,1.524,1.499,435699958,659869052,513050,11:12:16,00,正常
392,sh513030,德国30ETF,1.252,0.006,0.482,1.248,1.252,1.246,1.246,1.252,1.246,1356200,1693884,513030,11:12:07,00,正常
393,sh513010,恒生科技30ETF,0.789,0.029,3.816,0.789,0.790,0.760,0.775,0.792,0.775,169892600,133418770,513010,11:12:16,00,正常
394,sh513000,日经225ETF易方达,1.213,0.010,0.831,1.213,1.214,1.203,1.208,1.214,1.207,693300,840942,513000,11:12:04,00,正常
395,sh512990,MSCIA股ETF,1.815,0.025,1.397,1.814,1.815,1.790,1.786,1.816,1.786,4884300,8809351,512990,11:12:16,00,正常
396,sh512980,传媒ETF,0.682,-0.005,-0.728,0.682,0.683,0.687,0.685,0.686,0.680,23965200,16359679,512980,11:12:16,00,正常
397,sh512970,大湾区ETF,1.433,-0.013,-0.899,1.437,1.443,1.446,1.382,1.443,1.382,119155,171221,512970,11:12:05,00,正常
398,sh512960,央调ETF,1.279,0.000,0.000,1.278,1.280,1.279,1.281,1.281,1.277,1408600,1800016,512960,11:11:56,00,正常
399,sh512950,央企改革ETF,1.281,-0.001,-0.078,1.281,1.282,1.282,1.287,1.287,1.278,1026300,1314375,512950,11:12:17,00,正常
400,sh512930,AIETF,1.663,0.000,0.000,1.663,1.664,1.663,1.663,1.666,1.657,44300,73630,512930,11:12:01,00,正常
401,sh512920,MSCIETF新华,1.821,0.015,0.831,1.825,1.832,1.806,1.809,1.821,1.809,10200,18572,512920,11:12:05,00,正常
402,sh512910,中证100ETF,1.356,0.014,1.043,1.356,1.357,1.342,1.343,1.358,1.340,6260600,8451450,512910,11:12:10,00,正常
403,sh512900,证券ETF基金,1.157,0.025,2.208,1.157,1.158,1.132,1.131,1.157,1.121,137945500,155953373,512900,11:12:16,00,正常
404,sh512890,红利低波动ETF,1.500,0.003,0.200,1.500,1.502,1.497,1.502,1.505,1.494,1544700,2317352,512890,11:12:16,00,正常
405,sh512880,证券ETF,1.165,0.026,2.283,1.165,1.166,1.139,1.138,1.166,1.129,1380365687,1580147123,512880,11:12:16,00,正常
406,sh512870,杭州湾区ETF,1.930,0.020,1.047,1.928,1.936,1.910,1.904,1.930,1.904,252500,481970,512870,11:12:08,00,正常
407,sh512820,银行业ETF,1.172,0.001,0.085,1.171,1.172,1.171,1.171,1.181,1.164,5262100,6154011,512820,11:12:13,00,正常
408,sh512810,国防军工ETF,1.487,-0.046,-3.001,1.487,1.488,1.533,1.494,1.503,1.452,36252700,53575754,512810,11:12:17,00,正常
409,sh512800,银行ETF,1.153,0.000,0.000,1.153,1.154,1.153,1.152,1.164,1.146,133788404,154567407,512800,11:12:16,00,正常
410,sh512780,京津冀ETF,0.960,0.001,0.104,0.960,0.965,0.959,0.959,0.967,0.958,20600,19880,512780,11:11:53,00,正常
411,sh512770,战略新兴ETF,2.372,0.018,0.765,2.372,2.375,2.354,2.357,2.378,2.332,1407400,3311845,512770,11:12:08,00,正常
412,sh512760,芯片ETF,1.635,0.029,1.806,1.634,1.635,1.606,1.604,1.650,1.585,204511298,331310405,512760,11:12:16,00,正常
413,sh512750,基本面50ETF,1.047,0.000,0.000,1.046,1.048,1.047,1.042,1.052,1.041,672800,705062,512750,11:12:16,00,正常
414,sh512730,中证银行ETF,1.160,0.003,0.259,1.159,1.160,1.157,1.159,1.169,1.153,8807600,10246369,512730,11:12:17,00,正常
415,sh512720,计算机ETF,1.444,-0.004,-0.276,1.443,1.444,1.448,1.446,1.450,1.440,12929900,18675189,512720,11:12:16,00,正常
416,sh512710,军工龙头ETF,0.989,-0.027,-2.657,0.989,0.990,1.016,0.990,1.005,0.972,262649002,259041157,512710,11:12:17,00,正常
417,sh512700,银行ETF基金,1.214,-0.001,-0.082,1.214,1.215,1.215,1.215,1.226,1.206,67002800,81331986,512700,11:12:16,00,正常
418,sh512690,酒ETF,1.137,0.038,3.458,1.137,1.138,1.099,1.105,1.138,1.095,393553113,440869733,512690,11:12:16,00,正常
419,sh512680,中证军工ETF,1.393,-0.039,-2.723,1.393,1.394,1.432,1.401,1.408,1.360,57081900,78878434,512680,11:12:07,00,正常
420,sh512670,国防ETF,1.135,-0.040,-3.404,1.134,1.135,1.175,1.127,1.152,1.107,313659779,353302003,512670,11:12:16,00,正常
421,sh512660,军工ETF,1.366,-0.039,-2.776,1.365,1.366,1.405,1.364,1.379,1.331,1360410814,1845014956,512660,11:12:16,00,正常
422,sh512650,长三角ETF,1.269,0.014,1.116,1.271,1.273,1.255,1.261,1.269,1.261,2007600,2534226,512650,11:12:08,00,正常
423,sh512640,金融地产ETF基金,2.036,0.012,0.593,2.038,2.047,2.024,2.024,2.044,2.016,11600,23527,512640,11:12:16,00,正常
424,sh512610,医药卫生ETF基金,2.031,0.019,0.944,2.031,2.044,2.012,2.047,2.047,2.012,98800,201105,512610,11:12:11,00,正常
425,sh512600,主要消费ETF,0.847,0.013,1.559,0.847,0.848,0.834,0.832,0.847,0.830,6820600,5716287,512600,11:12:16,00,正常
426,sh512590,高股息ETF,1.503,-0.005,-0.332,1.500,1.501,1.508,1.507,1.508,1.501,2686200,4045367,512590,11:12:17,00,正常
427,sh512580,碳中和龙头ETF,1.763,0.034,1.966,1.763,1.764,1.729,1.729,1.777,1.724,43751300,77216285,512580,11:12:16,00,正常
428,sh512570,证券ETF易方达,1.150,0.025,2.222,1.150,1.152,1.125,1.130,1.150,1.116,5876200,6655357,512570,11:12:16,00,正常
429,sh512560,军工ETF易方达,1.586,-0.043,-2.640,1.585,1.586,1.629,1.596,1.606,1.552,76101700,119826950,512560,11:12:16,00,正常
430,sh512550,富时A50ETF,1.554,0.018,1.172,1.554,1.556,1.536,1.538,1.557,1.538,506800,783838,512550,11:11:56,00,正常
431,sh512530,沪深300红利ETF,1.176,0.002,0.170,1.175,1.176,1.174,1.163,1.180,1.163,95500,112286,512530,11:12:07,00,正常
432,sh512520,MSCIETF,1.713,0.020,1.181,1.705,1.716,1.693,1.693,1.715,1.692,1554400,2644458,512520,11:12:04,00,正常
433,sh512510,中证500指数ETF,1.779,0.018,1.022,1.779,1.781,1.761,1.762,1.782,1.762,2342800,4164748,512510,11:12:13,00,正常
434,sh512500,500ETF基金,3.716,0.037,1.006,3.715,3.716,3.679,3.683,3.717,3.664,17280900,63858745,512500,11:12:16,00,正常
435,sh512480,半导体ETF,1.410,0.028,2.026,1.409,1.410,1.382,1.383,1.422,1.363,302721386,422732745,512480,11:12:16,00,正常
436,sh512400,有色金属ETF,1.503,0.043,2.945,1.502,1.503,1.460,1.463,1.523,1.462,113011200,169245010,512400,11:12:16,00,正常
437,sh512390,平安MSCI低波ETF,1.440,0.000,0.000,1.431,1.459,1.440,0.000,0.000,0.000,0,0,512390,11:12:17,00,正常
438,sh512380,MSCI中国ETF,1.528,0.017,1.125,1.528,1.529,1.511,1.499,1.530,1.499,10454600,15944603,512380,11:12:16,00,正常
439,sh512360,平安MSCI国际ETF,1.768,0.020,1.144,1.756,1.770,1.748,1.732,1.799,1.732,60900,106935,512360,11:12:13,00,正常
440,sh512350,福建ETF,1.240,0.046,3.853,1.184,1.194,1.194,1.191,1.291,1.170,66700,83401,512350,11:12:16,00,正常
441,sh512330,信息技术ETF,1.136,0.001,0.088,1.136,1.137,1.135,1.138,1.143,1.122,1103900,1251771,512330,11:12:05,00,正常
442,sh512320,工银MSCI中国ETF,1.094,0.014,1.296,1.093,1.095,1.080,1.085,1.094,1.085,261900,284650,512320,11:12:16,00,正常
443,sh512290,生物医药ETF,1.839,0.006,0.327,1.839,1.840,1.833,1.839,1.850,1.824,29248000,53790867,512290,11:12:16,00,正常
444,sh512280,景顺MSCIA股ETF,1.697,0.020,1.193,1.696,1.697,1.677,1.670,1.700,1.670,3461400,5849682,512280,11:12:16,00,正常
445,sh512270,沪深300低波ETF,1.038,0.000,0.000,0.000,0.000,1.038,0.000,0.000,0.000,0,0,512270,11:12:15,03,连续停牌
446,sh512260,中证500低波ETF,1.537,0.010,0.655,1.535,1.537,1.527,1.527,1.537,1.527,4272600,6545564,512260,11:12:01,00,正常
447,sh512220,科技ETF150,1.840,-0.001,-0.054,1.840,1.841,1.841,1.841,1.846,1.828,4276100,7852272,512220,11:12:11,00,正常
448,sh512200,房地产ETF,0.767,0.003,0.393,0.767,0.768,0.764,0.761,0.771,0.761,29859800,22903569,512200,11:12:16,00,正常
449,sh512190,浙商之江凤凰ETF,1.746,0.033,1.926,1.718,1.745,1.713,1.713,1.747,1.713,150000,259160,512190,11:12:15,00,正常
450,sh512180,MSCIA股ETF基金,1.608,0.019,1.196,1.608,1.610,1.589,1.595,1.610,1.595,168800,270210,512180,11:12:15,00,正常
451,sh512170,医疗ETF,0.729,0.017,2.388,0.729,0.730,0.712,0.713,0.732,0.711,347933114,251743154,512170,11:12:17,00,正常
452,sh512160,MSCI中国A股ETF,1.697,0.021,1.253,1.697,1.698,1.676,1.681,1.700,1.680,11882000,20093600,512160,11:12:16,00,正常
453,sh512150,A50ETF,1.685,0.018,1.080,1.683,1.685,1.667,1.663,1.690,1.663,1786500,2998825,512150,11:11:59,00,正常
454,sh512120,医药50ETF,2.154,0.020,0.937,2.153,2.155,2.134,2.130,2.161,2.130,882900,1895040,512120,11:12:16,00,正常
455,sh512100,中证1000ETF,1.118,0.005,0.449,1.117,1.118,1.113,1.120,1.129,1.106,145675400,162790747,512100,11:12:16,00,正常
456,sh512090,MSCIA股ETF易方达,1.748,0.015,0.866,1.748,1.749,1.733,1.736,1.751,1.731,7490000,13051610,512090,11:12:10,00,正常
457,sh512070,证券保险ETF,2.215,0.029,1.327,2.215,2.216,2.186,2.185,2.219,2.166,44606600,97539248,512070,11:12:16,00,正常
458,sh512040,价值100ETF,1.720,0.005,0.292,1.719,1.720,1.715,1.719,1.723,1.715,93000,160066,512040,11:12:16,00,正常
459,sh512010,医药ETF,0.686,0.011,1.630,0.685,0.686,0.675,0.676,0.687,0.674,176010131,120016221,512010,11:12:17,00,正常
460,sh512000,券商ETF,1.115,0.026,2.388,1.115,1.116,1.089,1.089,1.116,1.081,643178008,705415473,512000,11:12:17,00,正常
461,sh511990,华宝添益ETF,99.985,-0.004,-0.004,99.984,99.985,99.989,99.991,99.991,99.980,73804695,7379389950,511990,11:12:16,00,正常
462,sh511980,现金添富ETF,99.987,-0.010,-0.010,99.987,100.003,99.997,99.987,99.987,99.987,100,9999,511980,11:12:02,00,正常
463,sh511970,国寿货币ETF,99.993,0.000,0.000,100.000,100.199,99.993,0.000,0.000,0.000,0,0,511970,11:12:16,00,正常
464,sh511960,嘉实快线ETF,99.990,0.000,0.000,99.970,99.989,99.990,0.000,0.000,0.000,0,0,511960,11:12:04,00,正常
465,sh511950,添利货币ETF,100.115,0.105,0.105,100.011,100.473,100.010,100.111,100.116,100.111,1978,198025,511950,11:11:56,00,正常
466,sh511930,中融日盈货币ETF,99.974,0.000,0.000,99.982,100.211,99.974,0.000,0.000,0.000,0,0,511930,11:12:01,00,正常
467,sh511920,广发货币ETF,99.983,-0.006,-0.006,99.977,99.987,99.989,99.989,99.989,99.552,2700,269833,511920,11:11:50,00,正常
468,sh511910,融通货币ETF,100.007,0.000,0.000,99.999,100.190,100.007,0.000,0.000,0.000,0,0,511910,11:12:13,00,正常
469,sh511900,富国货币ETF,100.001,-0.001,-0.001,100.001,100.014,100.002,99.989,100.016,99.989,9983,998259,511900,11:11:47,00,正常
470,sh511880,银华日利ETF,101.476,-0.006,-0.006,101.476,101.477,101.482,101.486,101.490,101.476,79545940,8072544505,511880,11:12:16,00,正常
471,sh511860,保证金货币ETF,99.989,-0.007,-0.007,99.989,99.991,99.996,99.996,99.998,99.968,143002,14298331,511860,11:12:11,00,正常
472,sh511850,财富宝ETF,99.994,-0.001,-0.001,99.994,99.995,99.995,99.990,99.995,99.960,1737580,173742957,511850,11:12:07,00,正常
473,sh511830,华泰货币ETF,100.006,-0.009,-0.009,100.017,110.000,100.015,99.997,100.050,99.997,147527,14754511,511830,11:12:16,00,正常
474,sh511820,鹏华添利ETF,99.986,-0.003,-0.003,99.986,99.999,99.989,99.986,99.988,99.983,3747,374650,511820,11:12:05,00,正常
475,sh511810,理财金货币ETF,99.994,-0.002,-0.002,99.994,99.995,99.996,99.994,99.999,99.990,352929,35291003,511810,11:12:16,00,正常
476,sh511800,易方达货币ETF,99.993,0.002,0.002,99.993,99.994,99.991,99.994,100.005,99.991,145901,14589658,511800,11:11:49,00,正常
477,sh511770,金鹰增益货币ETF,99.970,-0.033,-0.033,99.972,101.990,100.003,99.970,99.970,99.970,354,35389,511770,11:12:16,00,正常
478,sh511700,场内货币ETF,99.995,-0.002,-0.002,99.994,99.995,99.997,99.995,99.997,99.991,38507,3850491,511700,11:12:16,00,正常
479,sh511690,交易货币ETF,99.991,-0.001,-0.001,99.990,99.991,99.992,99.992,99.994,99.990,176016,17600118,511690,11:12:10,00,正常
480,sh511670,华泰天天金ETF,99.978,-0.023,-0.023,99.979,99.995,100.001,99.990,99.999,99.978,501,50098,511670,11:12:13,00,正常
481,sh511660,货币ETF建信添益,99.989,-0.003,-0.003,99.988,99.989,99.992,99.991,99.993,99.988,6927363,692668554,511660,11:12:16,00,正常
482,sh511650,华夏快线ETF,100.001,0.001,0.001,100.001,100.003,100.000,100.000,100.001,100.000,1000,100001,511650,11:12:05,00,正常
483,sh511620,货币基金ETF,99.984,0.002,0.002,99.984,100.008,99.982,99.983,100.011,99.983,3542,354170,511620,11:12:01,00,正常
484,sh511600,货币ETF,99.990,-0.001,-0.001,99.983,99.990,99.991,99.994,99.994,99.505,4700,469608,511600,11:12:01,00,正常
485,sh511380,可转债ETF,10.998,0.049,0.448,10.998,10.999,10.949,10.955,11.002,10.955,3802400,41736807,511380,11:12:13,00,正常
486,sh511360,短融ETF,103.009,0.003,0.003,103.008,103.009,103.006,103.010,103.011,103.006,232140,23912350,511360,11:12:07,00,正常
487,sh511310,10年国债ETF,114.625,-0.110,-0.096,114.218,114.625,114.735,114.625,114.625,114.625,500,57313,511310,11:12:15,00,正常
488,sh511280,中期信用ETF,116.580,0.000,0.000,0.000,0.000,116.580,0.000,0.000,0.000,0,0,511280,11:12:11,03,连续停牌
489,sh511270,10年地方债ETF,106.875,0.041,0.038,106.791,106.875,106.834,106.789,106.878,106.789,500,53430,511270,11:11:59,00,正常
490,sh511260,十年国债ETF,114.728,-0.028,-0.024,114.715,114.738,114.756,114.707,114.750,114.702,14800,1697780,511260,11:11:59,00,正常
491,sh511220,城投债ETF,97.438,0.004,0.004,97.428,97.443,97.434,97.440,97.455,97.386,8400,818393,511220,11:12:07,00,正常
492,sh511180,上证可转债ETF,10.571,0.042,0.399,10.562,10.568,10.529,10.533,10.574,10.527,709900,7487201,511180,11:12:01,00,正常
493,sh511060,5年地方债ETF,102.600,-0.046,-0.045,102.597,102.655,102.646,102.608,102.630,102.596,5500,564299,511060,11:12:01,00,正常
494,sh511030,公司债ETF,10.349,0.000,0.000,10.344,10.349,10.349,10.359,10.396,10.343,244300,2529328,511030,11:11:50,00,正常
495,sh511020,活跃国债ETF,107.798,0.000,0.000,107.570,107.765,107.798,0.000,0.000,0.000,0,0,511020,11:11:47,00,正常
496,sh511010,国债ETF,124.813,-0.279,-0.223,124.810,124.838,125.092,125.053,125.090,124.809,173100,21625581,511010,11:12:14,00,正常
497,sh510990,180ESGETF,0.963,0.014,1.475,0.963,0.965,0.949,0.954,0.963,0.954,309700,296340,510990,11:12:08,00,正常
498,sh510900,H股ETF,0.981,0.015,1.553,0.981,0.982,0.966,0.975,0.984,0.973,586835400,574533717,510900,11:12:16,00,正常
499,sh510890,红利低波ETF,1.150,0.000,0.000,0.000,0.000,1.150,0.000,0.000,0.000,0,0,510890,11:11:50,03,连续停牌
500,sh510880,红利ETF,2.916,0.022,0.760,2.916,2.917,2.894,2.903,2.917,2.900,89329157,259959783,510880,11:12:16,00,正常
501,sh510860,兴业上证50ETF,0.883,0.001,0.113,0.881,0.885,0.882,0.882,0.883,0.880,42000,37009,510860,11:11:58,00,正常
502,sh510850,工银上证50ETF,3.276,0.052,1.613,3.276,3.277,3.224,3.240,3.285,3.240,11876895,38702560,510850,11:12:17,00,正常
503,sh510810,上海国企ETF,0.847,0.005,0.594,0.847,0.848,0.842,0.842,0.848,0.841,3549359,2994835,510810,11:12:16,00,正常
504,sh510800,50ETF基金,1.319,0.018,1.384,1.319,1.320,1.301,1.303,1.323,1.303,12419000,16289039,510800,11:12:14,00,正常
505,sh510760,上证综指ETF,1.028,0.009,0.883,1.028,1.029,1.019,1.020,1.029,1.017,21680300,22240231,510760,11:12:16,00,正常
506,sh510710,上证50ETF博时,3.888,0.055,1.435,3.892,3.896,3.833,3.833,3.903,3.833,7445900,28789479,510710,11:12:13,00,正常
507,sh510690,兴业金融ETF,1.049,-0.003,-0.285,1.046,1.052,1.052,1.044,1.049,1.043,251800,263886,510690,11:12:17,00,正常
508,sh510680,上证50ETF基金,3.004,0.047,1.589,3.004,3.005,2.957,2.965,3.006,2.965,966500,2888427,510680,11:12:10,00,正常
509,sh510660,医药卫生ETF,3.262,0.041,1.273,3.262,3.263,3.221,3.221,3.270,3.221,576400,1877314,510660,11:12:15,00,正常
510,sh510650,金融地产ETF,2.083,0.010,0.482,2.085,2.087,2.073,2.073,2.092,2.058,733300,1525511,510650,11:12:05,00,正常
511,sh510630,消费ETF基金,1.244,0.025,2.051,1.244,1.245,1.219,1.219,1.244,1.217,10009600,12311855,510630,11:12:16,00,正常
512,sh510600,申万上证50ETF,3.714,0.048,1.309,3.717,3.720,3.666,3.677,3.724,3.676,1114625,4119178,510600,11:12:16,00,正常
513,sh510590,平安中证500ETF,7.812,0.076,0.982,7.781,7.805,7.736,7.714,7.812,7.713,150600,1164583,510590,11:12:16,00,正常
514,sh510580,中证500ETF易方达,0.814,0.008,0.993,0.813,0.814,0.806,0.807,0.815,0.804,17753100,14372633,510580,11:12:01,00,正常
515,sh510570,兴业中证500ETF,1.049,0.007,0.672,1.046,1.053,1.042,1.042,1.055,1.042,92200,96377,510570,11:12:14,00,正常
516,sh510560,国寿500ETF,1.555,0.008,0.517,1.549,1.553,1.547,1.547,1.555,1.545,28700,44532,510560,11:11:59,00,正常
517,sh510550,方正中证500ETF,1.726,0.000,0.000,1.726,1.730,1.726,1.726,1.726,1.710,41900,72162,510550,11:11:59,00,正常
518,sh510530,工银中证500ETF,7.164,0.067,0.944,7.160,7.171,7.097,7.096,7.170,7.087,520700,3707421,510530,11:12:16,00,正常
519,sh510510,中证500ETF基金,2.108,0.019,0.910,2.106,2.108,2.089,2.090,2.109,2.087,4516800,9488095,510510,11:12:16,00,正常
520,sh510500,中证500ETF,7.959,0.079,1.003,7.954,7.959,7.880,7.910,7.965,7.859,61100827,484138774,510500,11:12:16,00,正常
521,sh510440,500沪市ETF,2.232,0.007,0.315,2.230,2.248,2.225,2.211,2.250,2.211,20200,45075,510440,11:11:53,00,正常
522,sh510410,资源ETF,1.089,0.029,2.736,1.089,1.090,1.060,1.064,1.098,1.064,9510140,10348898,510410,11:12:16,00,正常
523,sh510390,平安沪深300ETF,5.157,0.063,1.237,5.161,5.164,5.094,5.130,5.157,5.127,1343276,6897987,510390,11:12:16,00,正常
524,sh510380,国寿300ETF,1.294,0.000,0.000,1.308,1.312,1.294,0.000,0.000,0.000,0,0,510380,11:12:11,00,正常
525,sh510370,兴业沪深300ETF,1.024,0.006,0.589,1.020,1.025,1.018,1.018,1.024,1.018,3300,3372,510370,11:12:16,00,正常
526,sh510360,沪深300ETF基金,1.688,0.017,1.017,1.689,1.690,1.671,1.672,1.691,1.671,2045700,3441729,510360,11:12:07,00,正常
527,sh510350,工银沪深300ETF,5.013,0.067,1.355,5.001,5.008,4.946,4.971,5.013,4.963,3018000,15023387,510350,11:12:16,00,正常
528,sh510330,300ETF基金,4.961,0.054,1.100,4.959,4.960,4.907,4.909,4.973,4.909,34693394,171396718,510330,11:12:16,00,正常
529,sh510310,沪深300ETF易方达,2.260,0.025,1.119,2.260,2.262,2.235,2.245,2.267,2.240,39327100,88583283,510310,11:12:16,00,正常
530,sh510300,沪深300ETF,4.954,0.049,0.999,4.954,4.955,4.905,4.910,4.966,4.910,173457613,856305137,510300,11:12:16,00,正常
531,sh510290,上证380ETF,2.221,0.014,0.634,2.220,2.222,2.207,2.205,2.225,2.205,181500,402623,510290,11:12:07,00,正常
532,sh510270,国企ETF,1.309,0.001,0.076,1.311,1.318,1.308,1.300,1.318,1.300,39000,50976,510270,11:12:14,00,正常
533,sh510230,金融ETF,1.078,0.008,0.748,1.077,1.078,1.070,1.068,1.081,1.061,27719100,29687451,510230,11:12:16,00,正常
534,sh510220,中小盘ETF,6.078,0.090,1.503,6.000,6.078,5.988,5.988,6.078,5.980,13900,83382,510220,11:12:10,00,正常
535,sh510210,上证指数ETF,0.973,0.009,0.934,0.973,0.974,0.964,0.963,0.975,0.963,19372800,18803649,510210,11:12:16,00,正常
536,sh510200,上证券商ETF,1.274,0.032,2.576,1.273,1.275,1.242,1.242,1.276,1.232,5691100,7149509,510200,11:12:14,00,正常
537,sh510190,上证龙头ETF,3.990,0.021,0.529,3.993,4.002,3.969,3.981,3.999,3.981,24200,96543,510190,11:12:16,00,正常
538,sh510180,上证180ETF,4.036,0.050,1.254,4.036,4.038,3.986,3.992,4.045,3.992,12533500,50327162,510180,11:12:16,00,正常
539,sh510170,大宗商品ETF,3.560,0.069,1.977,3.560,3.562,3.491,3.518,3.588,3.513,1112400,3965381,510170,11:12:16,00,正常
540,sh510160,小康指数ETF,0.721,0.005,0.698,0.720,0.721,0.716,0.718,0.721,0.716,350200,251493,510160,11:12:16,00,正常
541,sh510150,消费ETF,0.734,0.014,1.944,0.734,0.735,0.720,0.721,0.735,0.721,17006200,12384836,510150,11:12:17,00,正常
542,sh510130,中盘ETF,6.051,0.041,0.682,6.060,6.080,6.010,6.011,6.051,6.011,21300,128537,510130,11:12:16,00,正常
543,sh510120,非周期ETF,4.213,0.012,0.286,4.214,4.279,4.201,4.200,4.279,4.200,26900,113783,510120,11:12:08,00,正常
544,sh510110,周期ETF,3.989,0.029,0.732,3.993,4.006,3.960,3.960,4.006,3.960,37400,148705,510110,11:12:07,00,正常
545,sh510100,上证50ETF易方达,1.267,0.019,1.522,1.266,1.268,1.248,1.255,1.270,1.252,11261100,14194865,510100,11:12:16,00,正常
546,sh510090,ESGETF基金,2.404,0.001,0.042,2.387,2.413,2.403,2.380,2.404,2.380,400,954,510090,11:11:59,00,正常
547,sh510060,央企ETF,2.049,-0.005,-0.243,2.040,2.056,2.054,2.053,2.071,2.023,47496,97355,510060,11:12:13,00,正常
548,sh510050,上证50ETF,3.183,0.047,1.499,3.182,3.183,3.136,3.146,3.194,3.144,428877640,1357942226,510050,11:12:16,00,正常
549,sh510030,价值ETF,0.813,0.005,0.619,0.813,0.814,0.808,0.808,0.815,0.806,1759800,1426840,510030,11:12:07,00,正常
550,sh510020,超大盘ETF,3.353,-0.019,-0.563,3.355,3.382,3.372,3.385,3.386,3.352,3350,11268,510020,11:12:16,00,正常
551,sh510010,180治理ETF,1.486,0.010,0.678,1.464,1.486,1.476,1.463,1.488,1.458,51500,75492,510010,11:11:47,00,正常
